DC,first_harmonic_amplitude,first_harmonic_frequency,first_harmonic_phase,modulation_ratio
0.0,0.0,0.0014492754125967622,1.5707963705062866,
0.16286230087280273,0.25276726484298706,0.004347825888544321,-0.968194842338562,1.5520305633544922
0.15199273824691772,0.23626680672168732,0.004347825888544321,-1.1292301416397095,1.554461121559143
0.0,0.0,0.0014492754125967622,1.5707963705062866,
0.0,0.0,0.0014492754125967622,1.5707963705062866,
0.17355069518089294,0.2653775215148926,0.004347825888544321,-0.9298301935195923,1.529106616973877
0.0,0.0,0.0014492754125967622,1.5707963705062866,
0.0,0.0,0.0014492754125967622,1.5707963705062866,
0.36109310388565063,0.42683613300323486,0.008695651777088642,3.833522319793701,1.1820666790008545
0.35406747460365295,0.4845849871635437,0.004347825888544321,3.554617404937744,1.3686232566833496
0.14667731523513794,0.2317781150341034,0.004347825888544321,2.912438154220581,1.580190658569336
0.0,0.0,0.0014492754125967622,1.5707963705062866,
0.03372200205922127,0.027629738673567772,0.017391303554177284,0.6323357820510864,0.8193386197090149
0.19583334028720856,0.29594796895980835,0.004347825888544321,-1.000362753868103,1.5112236738204956
0.20942024886608124,0.31845682859420776,0.004347825888544321,4.195140361785889,1.5206592082977295
0.21195650100708008,0.31361785531044006,0.004347825888544321,4.6147637367248535,1.479633092880249
0.0,0.0,0.0014492754125967622,1.5707963705062866,
0.3887321949005127,0.4522230625152588,0.008695651777088642,3.7268810272216797,1.1633280515670776
0.14655794203281403,0.2296789139509201,0.004347825888544321,4.025958061218262,1.5671542882919312
0.0,0.0,0.0014492754125967622,1.5707963705062866,
0.21648545563220978,0.32059240341186523,0.004347825888544321,-1.5489813089370728,1.480895757675171
0.3017885386943817,0.20966200530529022,0.017391303554177284,4.67075777053833,0.6947315335273743
0.08532607555389404,0.13946059346199036,0.004347825888544321,4.156393527984619,1.6344428062438965
0.0,0.0,0.0014492754125967622,1.5707963705062866,
0.14728258550167084,0.2282167673110962,0.004347825888544321,-1.1325684785842896,1.5495163202285767
0.13804346323013306,0.21288925409317017,0.004347825888544321,4.564026355743408,1.5421900749206543
0.0,0.0,0.0014492754125967622,1.5707963705062866,
0.0,0.0,0.0014492754125967622,1.5707963705062866,
0.15815217792987823,0.24600954353809357,0.004347825888544321,-1.351828932762146,1.555524230003357
0.40405502915382385,0.46529290080070496,0.008695651777088642,3.7463607788085938,1.15155827999115
0.0,0.0,0.0014492754125967622,1.5707963705062866,
0.05797100439667702,0.09512730687856674,0.004347825888544321,-0.8684886693954468,1.640946388244629
0.2634057402610779,0.3834960460662842,0.004347825888544321,-1.1005691289901733,1.455913782119751
0.21933412551879883,0.3281644582748413,0.004347825888544321,3.2658491134643555,1.4961851835250854
0.0,0.0,0.0014492754125967622,1.5707963705062866,
0.0,0.0,0.0014492754125967622,1.5707963705062866,
0.29912519454956055,0.43135160207748413,0.004347825888544321,3.3395535945892334,1.442043662071228
0.0,0.0,0.0014492754125967622,1.5707963705062866,
0.05217390134930611,0.08971293270587921,0.004347825888544321,-0.3548574447631836,1.7194982767105103
0.0,0.0,0.0014492754125967622,1.5707963705062866,
0.176449254155159,0.27388158440589905,0.004347825888544321,-0.8677138090133667,1.5521832704544067
0.2183738797903061,0.3346567749977112,0.004347825888544321,2.9761037826538086,1.5324945449829102
0.30934566259384155,0.4411719739437103,0.004347825888544321,3.3979909420013428,1.4261456727981567
0.0,0.0,0.0014492754125967622,1.5707963705062866,
0.32843828201293945,0.39385053515434265,0.008695651777088642,3.832679271697998,1.1991615295410156
0.11339429765939713,0.18183863162994385,0.004347825888544321,2.873912811279297,1.6035958528518677
0.0,0.0,0.0014492754125967622,1.5707963705062866,
0.40171948075294495,0.46458837389945984,0.008695651777088642,3.723660469055176,1.1564995050430298
0.33260378241539,0.4618034064769745,0.004347825888544321,3.420286178588867,1.3884490728378296
0.30380430817604065,0.4278407394886017,0.004347825888544321,-1.3774064779281616,1.4082773923873901
0.08894926309585571,0.14025074243545532,0.004347825888544321,-1.5485590696334839,1.5767499208450317
0.0,0.0,0.0014492754125967622,1.5707963705062866,
0.3848894536495209,0.44038403034210205,0.008695651777088642,3.7119832038879395,1.1441831588745117
0.0,0.0,0.0014492754125967622,1.5707963705062866,
0.332852303981781,0.21612650156021118,0.017391303554177284,0.9884968996047974,0.6493165493011475
0.27821364998817444,0.4002958834171295,0.004347825888544321,3.332317352294922,1.438807487487793
0.21922768652439117,0.3345998525619507,0.004347825888544321,2.8008556365966797,1.5262664556503296
0.2146914303302765,0.3213912844657898,0.004347825888544321,3.365952968597412,1.4969916343688965
0.3399546444416046,0.4095791280269623,0.008695651777088642,4.055984973907471,1.2048052549362183
0.22137676179409027,0.33176812529563904,0.004347825888544321,-0.9389063119888306,1.498658299446106
0.19981881976127625,0.30491480231285095,0.004347825888544321,4.23945951461792,1.525956392288208
0.2739129960536957,0.39348259568214417,0.004347825888544321,-1.0125519037246704,1.4365240335464478
0.3010869026184082,0.42897123098373413,0.004347825888544321,-1.276845097541809,1.4247422218322754
0.0,0.0,0.0014492754125967622,1.5707963705062866,
0.0,0.0,0.0014492754125967622,1.5707963705062866,
0.0675724521279335,0.11150907725095749,0.004347825888544321,4.3271002769470215,1.6502150297164917
0.0,0.0,0.0014492754125967622,1.5707963705062866,
0.24369724094867706,0.06906548142433167,0.03333333507180214,2.4933176040649414,0.28340691328048706
0.2445651739835739,0.3571910560131073,0.004347825888544321,4.390126705169678,1.460514783859253
0.20144927501678467,0.30343425273895264,0.004347825888544321,-1.3125430345535278,1.506256341934204
0.09583332389593124,0.15380072593688965,0.004347825888544321,-1.0821377038955688,1.6048773527145386
0.0,0.0,0.0014492754125967622,1.5707963705062866,
0.38645899295806885,0.45780807733535767,0.008695651777088642,3.4894495010375977,1.1846226453781128
0.13816051185131073,0.2188456952571869,0.004347825888544321,3.1247754096984863,1.5839959383010864
0.0,0.0,0.0014492754125967622,1.5707963705062866,
0.1204388365149498,0.16476643085479736,0.008695651777088642,4.349480152130127,1.3680506944656372
0.2183903306722641,0.3300460875034332,0.004347825888544321,3.075925827026367,1.5112669467926025
0.0,0.0,0.0014492754125967622,1.5707963705062866,
0.1922101229429245,0.29006245732307434,0.004347825888544321,4.393529891967773,1.5090904235839844
0.39606133103370667,0.456717312335968,0.008695651777088642,3.7075605392456055,1.1531479358673096
0.0,0.0,0.0014492754125967622,1.5707963705062866,
0.13097824156284332,0.20858217775821686,0.004347825888544321,-1.3470176458358765,1.5924948453903198
0.3369351029396057,0.48062726855278015,0.004347825888544321,2.9240050315856934,1.4264683723449707
0.1600198745727539,0.2513972222805023,0.004347825888544321,2.9558284282684326,1.5710375308990479
0.14800722897052765,0.22779913246631622,0.004347825888544321,-1.3698784112930298,1.539108157157898
0.3110506534576416,0.4415460228919983,0.004347825888544321,-1.014963984489441,1.419530987739563
0.3159419894218445,0.4438267946243286,0.004347825888544321,4.538124084472656,1.4047731161117554
0.16941668093204498,0.2570987939834595,0.004347825888544321,3.3127050399780273,1.5175529718399048
0.08595728874206543,0.06587737798690796,0.017391303554177284,1.144460678100586,0.7663966417312622
0.4010608494281769,0.45866283774375916,0.008695651777088642,3.6210670471191406,1.1436240673065186
0.10424089431762695,0.16717629134655,0.004347825888544321,3.0334434509277344,1.6037496328353882
0.0,0.0,0.0014492754125967622,1.5707963705062866,
0.0,0.0,0.0014492754125967622,1.5707963705062866,
0.12246374785900116,0.19889229536056519,0.004347825888544321,-0.46738874912261963,1.6240911483764648
0.1811358630657196,0.27855268120765686,0.004347825888544321,3.0676913261413574,1.5378108024597168
0.3103260397911072,0.4416147768497467,0.004347825888544321,-1.1651684045791626,1.4230670928955078
0.08677535504102707,0.14212395250797272,0.004347825888544321,4.6998419761657715,1.6378377676010132
0.09644618630409241,0.13324791193008423,0.008695651777088642,3.6848998069763184,1.3815778493881226
0.2586956322193146,0.3748920261859894,0.004347825888544321,-1.5139940977096558,1.4491626024246216
0.15199269354343414,0.23785994946956635,0.004347825888544321,4.015859127044678,1.5649433135986328
0.15869562327861786,0.24202494323253632,0.004347825888544321,4.6558403968811035,1.525088906288147
0.1593567132949829,0.2474231719970703,0.004347825888544321,3.2044358253479004,1.5526372194290161
0.0,0.0,0.0014492754125967622,1.5707963705062866,
0.22735503315925598,0.3379313349723816,0.004347825888544321,4.675074577331543,1.4863595962524414
0.0,0.0,0.0014492754125967622,1.5707963705062866,
0.23361626267433167,0.34959229826927185,0.004347825888544321,2.993748664855957,1.4964381456375122
0.2064961940050125,0.3188486695289612,0.004347825888544321,2.8506922721862793,1.5440897941589355
0.0,0.0,0.0014492754125967622,1.5707963705062866,
0.24510864913463593,0.35808828473091125,0.004347825888544321,4.409533500671387,1.4609369039535522
0.0,0.0,0.0014492754125967622,1.5707963705062866,
0.3248665928840637,0.45563456416130066,0.004347825888544321,3.5130767822265625,1.402528166770935
0.11247435957193375,0.18140177428722382,0.004347825888544321,3.1412405967712402,1.6128277778625488
0.18460142612457275,0.2786688804626465,0.004347825888544321,4.556778907775879,1.509570598602295
0.0,0.0,0.0014492754125967622,1.5707963705062866,
0.35634052753448486,0.48678627610206604,0.004347825888544321,-1.4640532732009888,1.3660705089569092
0.1363067626953125,0.2170804738998413,0.004347825888544321,2.8759756088256836,1.5925877094268799
0.21782806515693665,0.3233634829521179,0.004347825888544321,3.385000705718994,1.4844895601272583
0.0,0.0,0.0014492754125967622,1.5707963705062866,
0.12390746921300888,0.10131698846817017,0.017391303554177284,3.446546792984009,0.817682683467865
0.2603260278701782,0.3787587583065033,0.004347825888544321,-1.3158553838729858,1.4549400806427002
0.1820651739835739,0.2747914493083954,0.004347825888544321,4.144877910614014,1.5093026161193848
0.0,0.0,0.0014492754125967622,1.5707963705062866,
0.0,0.0,0.0014492754125967622,1.5707963705062866,
0.09601448476314545,0.15442845225334167,0.004347825888544321,4.171387672424316,1.6083869934082031
0.3437364399433136,0.23049598932266235,0.017391303554177284,4.663828372955322,0.6705602407455444
0.0653935894370079,0.09363766014575958,0.008695651777088642,4.444958209991455,1.4319088459014893
0.08104179054498672,0.1359041929244995,0.004347825888544321,2.6152381896972656,1.676964282989502
0.0,0.0,0.0014492754125967622,1.5707963705062866,
0.0,0.0,0.0014492754125967622,1.5707963705062866,
0.05960143730044365,0.09938382357358932,0.004347825888544321,-0.6875268220901489,1.667473554611206
0.3284327983856201,0.45834842324256897,0.004347825888544321,3.294947624206543,1.3955622911453247
0.0,0.0,0.0014492754125967622,1.5707963705062866,
0.0,0.0,0.0014492754125967622,1.5707963705062866,
0.2237318456172943,0.3283413350582123,0.004347825888544321,-1.1507872343063354,1.4675663709640503
0.05868835374712944,0.09901752322912216,0.004347825888544321,3.3801631927490234,1.6871750354766846
0.0,0.0,0.0014492754125967622,1.5707963705062866,
0.31539851427078247,0.44572094082832336,0.004347825888544321,-1.3397644758224487,1.4131991863250732
0.19918575882911682,0.2573529779911041,0.008695651777088642,4.123348236083984,1.2920249700546265
0.2874758839607239,0.1943216770887375,0.017391303554177284,0.9735774993896484,0.6759581565856934
0.0,0.0,0.0014492754125967622,1.5707963705062866,
0.3003622889518738,0.42665722966194153,0.004347825888544321,-1.2649766206741333,1.4204753637313843
0.0,0.0,0.0014492754125967622,1.5707963705062866,
0.0570652075111866,0.09736446291208267,0.004347825888544321,-0.426708459854126,1.7061965465545654
0.0,0.0,0.0014492754125967622,1.5707963705062866,
0.0,0.0,0.0014492754125967622,1.5707963705062866,
0.10289853811264038,0.16653560101985931,0.004347825888544321,4.516730785369873,1.618444800376892
0.1870712786912918,0.29276278614997864,0.004347825888544321,2.834402084350586,1.564979910850525
0.14365749061107635,0.229327991604805,0.004347825888544321,2.7014224529266357,1.596352458000183
0.0,0.0,0.0014492754125967622,1.5707963705062866,
0.20452894270420074,0.312129408121109,0.004347825888544321,-0.873883843421936,1.5260891914367676
0.35133108496665955,0.49677416682243347,0.004347825888544321,3.09723162651062,1.4139772653579712
0.28858694434165955,0.41457226872444153,0.004347825888544321,-1.3583122491836548,1.4365593194961548
0.186050683259964,0.29127392172813416,0.004347825888544321,-0.6964524984359741,1.5655622482299805
0.03309420868754387,0.05098041146993637,0.008695651777088642,1.7199965715408325,1.5404632091522217
0.24166664481163025,0.35314980149269104,0.004347825888544321,-1.3134535551071167,1.4613096714019775
0.24202893674373627,0.3541475236415863,0.004347825888544321,-1.280460000038147,1.4632445573806763
0.10471014678478241,0.1676228642463684,0.004347825888544321,-1.5265311002731323,1.6008273363113403
0.0,0.0,0.0014492754125967622,1.5707963705062866,
0.18658584356307983,0.28366297483444214,0.004347825888544321,3.7586169242858887,1.5202813148498535
0.16792698204517365,0.04805953428149223,0.03333333507180214,1.8247284889221191,0.28619304299354553
0.14494167268276215,0.23055769503116608,0.004347825888544321,2.7915635108947754,1.5906928777694702
0.26195648312568665,0.3814879357814789,0.004347825888544321,-1.1913601160049438,1.4563027620315552
0.18308846652507782,0.2380058616399765,0.008695651777088642,3.778226852416992,1.2999500036239624
0.13822461664676666,0.218387171626091,0.004347825888544321,4.673866271972656,1.579944133758545
0.0,0.0,0.0014492754125967622,1.5707963705062866,
0.166666641831398,0.25528568029403687,0.004347825888544321,-1.2660926580429077,1.5317143201828003
0.24112316966056824,0.3577766716480255,0.004347825888544321,4.559359550476074,1.4837921857833862
0.09601449221372604,0.15469612181186676,0.004347825888544321,-1.129560112953186,1.6111747026443481
0.10524223744869232,0.1461511105298996,0.008695651777088642,4.482818603515625,1.3887115716934204
0.12491835653781891,0.20041990280151367,0.004347825888544321,2.920321464538574,1.6044071912765503
0.0,0.0,0.0014492754125967622,1.5707963705062866,
0.11847823858261108,0.18939249217510223,0.004347825888544321,-0.673197865486145,1.5985424518585205
0.0,0.0,0.0014492754125967622,1.5707963705062866,
0.2612415552139282,0.33688145875930786,0.008695651777088642,3.367617130279541,1.2895400524139404
0.1689443588256836,0.25981780886650085,0.004347825888544321,3.2726540565490723,1.537889838218689
0.28786230087280273,0.41267889738082886,0.004347825888544321,4.355237007141113,1.433598279953003
0.0,0.0,0.0014492754125967622,1.5707963705062866,
0.155995175242424,0.11295612901449203,0.017391303554177284,0.5607050657272339,0.7241001725196838
0.3486096262931824,0.4196244776248932,0.008695651777088642,3.6323013305664062,1.2037087678909302
0.10688405483961105,0.16950881481170654,0.004347825888544321,-0.9175411462783813,1.585913062095642
0.08098582178354263,0.02404204197227955,0.03333333507180214,1.6478139162063599,0.296867311000824
0.32441896200180054,0.4622631072998047,0.004347825888544321,3.394354820251465,1.4248954057693481
0.0,0.0,0.0014492754125967622,1.5707963705062866,
0.12789852917194366,0.2061413824558258,0.004347825888544321,-0.6279898881912231,1.6117572784423828
0.20090577006340027,0.3024655878543854,0.004347825888544321,-1.1163266897201538,1.5055097341537476
0.2494400441646576,0.3664073646068573,0.004347825888544321,3.4619662761688232,1.4689196348190308
0.0782608613371849,0.12587739527225494,0.004347825888544321,-1.5062576532363892,1.6084336042404175
0.0,0.0,0.0014492754125967622,1.5707963705062866,
0.3052741587162018,0.4467167854309082,0.004347825888544321,2.7744264602661133,1.463329792022705
0.2711956202983856,0.39357689023017883,0.004347825888544321,-1.4123672246932983,1.4512656927108765
0.23496372997760773,0.3487320840358734,0.004347825888544321,-0.9307395219802856,1.484195351600647
0.06485506147146225,0.10745512694120407,0.004347825888544321,-0.7591525316238403,1.6568503379821777
0.3858299255371094,0.44814732670783997,0.008695651777088642,3.8639979362487793,1.161515235900879
0.24655792117118835,0.37329164147377014,0.004347825888544321,-0.5591617822647095,1.5140119791030884
0.0,0.0,0.0014492754125967622,1.5707963705062866,
0.15887634456157684,0.24395312368869781,0.004347825888544321,3.950873374938965,1.5354905128479004
0.0,0.0,0.0014492754125967622,1.5707963705062866,
0.19436043500900269,0.2964861989021301,0.004347825888544321,3.6391568183898926,1.5254452228546143
0.13224636018276215,0.20684754848480225,0.004347825888544321,-1.4319027662277222,1.5641076564788818
0.2336304634809494,0.34563177824020386,0.004347825888544321,3.3657169342041016,1.4793951511383057
0.18423910439014435,0.28015294671058655,0.004347825888544321,4.419363021850586,1.5205943584442139
0.1405796855688095,0.21985115110874176,0.004347825888544321,-1.5576428174972534,1.5638898611068726
0.0,0.0,0.0014492754125967622,1.5707963705062866,
0.0826045572757721,0.11548502743244171,0.008695651777088642,4.488092422485352,1.3980467319488525
0.12460386008024216,0.09816929697990417,0.017391303554177284,2.050220012664795,0.7878511548042297
0.0,0.0,0.0014492754125967622,1.5707963705062866,
0.0,0.0,0.0014492754125967622,1.5707963705062866,
0.10199274122714996,0.16270989179611206,0.004347825888544321,-1.4414712190628052,1.595308542251587
0.062137670814991,0.10421048849821091,0.004347825888544321,-0.7893720865249634,1.6770904064178467
0.0,0.0,0.0014492754125967622,1.5707963705062866,
0.2853260338306427,0.41460615396499634,0.004347825888544321,-0.8147882223129272,1.4530961513519287
0.16503621637821198,0.2501147985458374,0.004347825888544321,4.227038860321045,1.515514612197876
0.23205004632472992,0.3478541374206543,0.004347825888544321,3.210756301879883,1.499047875404358
0.3249758183956146,0.21896278858184814,0.017391303554177284,1.4611179828643799,0.6737818121910095
0.25615936517715454,0.37440571188926697,0.004347825888544321,-1.4221280813217163,1.4616124629974365
0.07952897250652313,0.1333416998386383,0.004347825888544321,-0.35743820667266846,1.6766430139541626
0.2498188018798828,0.36394059658050537,0.004347825888544321,-1.3294686079025269,1.4568182229995728
0.026268113404512405,0.04646891728043556,0.004347825888544321,-0.6391335725784302,1.7690237760543823
0.2783771753311157,0.4120578169822693,0.004347825888544321,3.105031967163086,1.4802141189575195
0.0,0.0,0.0014492754125967622,1.5707963705062866,
0.28749996423721313,0.4108232259750366,0.004347825888544321,-1.2043744325637817,1.428950548171997
0.32463759183883667,0.45887941122055054,0.004347825888544321,-0.8921374082565308,1.4135128259658813
0.0,0.0,0.0014492754125967622,1.5707963705062866,
0.0,0.0,0.0014492754125967622,1.5707963705062866,
0.16340577602386475,0.25105786323547363,0.004347825888544321,-1.0631705522537231,1.536407470703125
0.38042593002319336,0.44948017597198486,0.008695651777088642,3.513463020324707,1.1815181970596313
0.0,0.0,0.0014492754125967622,1.5707963705062866,
0.0,0.0,0.0014492754125967622,1.5707963705062866,
0.0,0.0,0.0014492754125967622,1.5707963705062866,
0.0,0.0,0.0014492754125967622,1.5707963705062866,
0.0,0.0,0.0014492754125967622,1.5707963705062866,
0.27188295125961304,0.07619723677635193,0.03333333507180214,3.612307548522949,0.2802574932575226
0.09456520527601242,0.15345065295696259,0.004347825888544321,4.096122741699219,1.6226967573165894
0.0,0.0,0.0014492754125967622,1.5707963705062866,
0.1824275106191635,0.2781503200531006,0.004347825888544321,4.540162086486816,1.5247169733047485
0.0,0.0,0.0014492754125967622,1.5707963705062866,
0.17536230385303497,0.2653357684612274,0.004347825888544321,4.611094951629639,1.513071894645691
0.25964537262916565,0.07024765759706497,0.03333333507180214,1.635524868965149,0.27055230736732483
0.0,0.0,0.0014492754125967622,1.5707963705062866,
0.0,0.0,0.0014492754125967622,1.5707963705062866,
0.27717387676239014,0.39717063307762146,0.004347825888544321,4.593043804168701,1.432929515838623
0.32565051317214966,0.2132396548986435,0.017391303554177284,1.2915581464767456,0.6548113822937012
0.0,0.0,0.0014492754125967622,1.5707963705062866,
0.15978258848190308,0.24926863610744476,0.004347825888544321,-0.7781995534896851,1.5600488185882568
0.0,0.0,0.0014492754125967622,1.5707963705062866,
0.14692026376724243,0.22723428905010223,0.004347825888544321,-1.3815971612930298,1.5466504096984863
0.34541139006614685,0.48966503143310547,0.004347825888544321,3.0693559646606445,1.417628526687622
0.24583329260349274,0.364932656288147,0.004347825888544321,-1.4865657091140747,1.4844720363616943
0.18478256464004517,0.2782469689846039,0.004347825888544321,4.185152053833008,1.5058075189590454
0.135604590177536,0.21169590950012207,0.004347825888544321,3.4697086811065674,1.561126470565796
0.3108695149421692,0.43662869930267334,0.004347825888544321,-1.3256539106369019,1.4045400619506836
0.0,0.0,0.0014492754125967622,1.5707963705062866,
0.07007382065057755,0.10231305658817291,0.008695651777088642,3.2664737701416016,1.4600753784179688
0.2858695089817047,0.41645997762680054,0.004347825888544321,-0.8642929792404175,1.4568184614181519
0.11358693242073059,0.1832309067249298,0.004347825888544321,-0.6377454996109009,1.6131336688995361
0.0,0.0,0.0014492754125967622,1.5707963705062866,
0.12699274718761444,0.19736851751804352,0.004347825888544321,-1.5002979040145874,1.5541715621948242
0.07742537558078766,0.12669016420841217,0.004347825888544321,3.2292909622192383,1.6362873315811157
0.0,0.0,0.0014492754125967622,1.5707963705062866,
0.14727681875228882,0.20142264664173126,0.008695651777088642,4.665500640869141,1.3676466941833496
0.2547047436237335,0.3720947206020355,0.004347825888544321,3.8893299102783203,1.4608864784240723
0.0,0.0,0.0014492754125967622,1.5707963705062866,
0.1423352211713791,0.19218352437019348,0.008695651777088642,4.2722673416137695,1.350217580795288
0.20525360107421875,0.30573412775993347,0.004347825888544321,-1.1182504892349243,1.4895433187484741
0.13931156694889069,0.2160661816596985,0.004347825888544321,-1.385097622871399,1.5509564876556396
0.1704188883304596,0.25863876938819885,0.004347825888544321,3.257730007171631,1.517664909362793
0.11340577155351639,0.18337932229042053,0.004347825888544321,-0.629379153251648,1.6170192956924438
0.08079709112644196,0.13333183526992798,0.004347825888544321,4.4694623947143555,1.6502058506011963
0.1979941725730896,0.30073195695877075,0.004347825888544321,3.325378656387329,1.5188930034637451
0.0,0.0,0.0014492754125967622,1.5707963705062866,
0.21503618359565735,0.32318875193595886,0.004347825888544321,-1.0171211957931519,1.5029505491256714
0.3594636023044586,0.435747891664505,0.008695651777088642,3.3430912494659424,1.2122169733047485
0.0,0.0,0.0014492754125967622,1.5707963705062866,
0.21630430221557617,0.32162198424339294,0.004347825888544321,4.615560531616211,1.4868959188461304
0.0,0.0,0.0014492754125967622,1.5707963705062866,
0.028260791674256325,0.04944764822721481,0.004347825888544321,3.5203373432159424,1.7496908903121948
0.36641767621040344,0.4993435740470886,0.004347825888544321,3.6899561882019043,1.3627715110778809
0.39216503500938416,0.4516669809818268,0.008695651777088642,3.6039791107177734,1.1517268419265747
0.26249995827674866,0.380016028881073,0.004347825888544321,-1.4306992292404175,1.4476803541183472
0.08931158483028412,0.14551307260990143,0.004347825888544321,3.975815773010254,1.6292743682861328
0.24184565246105194,0.3553696274757385,0.004347825888544321,3.936544895172119,1.4694067239761353
0.0,0.0,0.0014492754125967622,1.5707963705062866,
0.30923908948898315,0.4400584399700165,0.004347825888544321,4.5300750732421875,1.4230362176895142
0.3305358588695526,0.21737201511859894,0.017391303554177284,1.1918063163757324,0.6576352119445801
0.0,0.0,0.0014492754125967622,1.5707963705062866,
0.0,0.0,0.0014492754125967622,1.5707963705062866,
0.2550724148750305,0.378844678401947,0.004347825888544321,-0.9673284292221069,1.4852436780929565
0.25053444504737854,0.36690378189086914,0.004347825888544321,3.446676731109619,1.4644843339920044
0.0,0.0,0.0014492754125967622,1.5707963705062866,
0.0,0.0,0.0014492754125967622,1.5707963705062866,
0.14235688745975494,0.22414927184581757,0.004347825888544321,3.1342899799346924,1.5745586156845093
0.19474633038043976,0.2894189953804016,0.004347825888544321,-1.4686905145645142,1.4861332178115845
0.05851448327302933,0.10062418133020401,0.004347825888544321,-0.1876746416091919,1.7196457386016846
0.08222675323486328,0.13631118834018707,0.004347825888544321,2.868269443511963,1.6577473878860474
0.197644904255867,0.2974880635738373,0.004347825888544321,-1.4743231534957886,1.505164384841919
0.2757245898246765,0.39703086018562317,0.004347825888544321,-1.2160550355911255,1.4399545192718506
0.0,0.0,0.0014492754125967622,1.5707963705062866,
0.17510752379894257,0.1284276247024536,0.017391303554177284,1.4667414426803589,0.7334215044975281
0.0,0.0,0.0014492754125967622,1.5707963705062866,
0.17590577900409698,0.27242207527160645,0.004347825888544321,-1.4623268842697144,1.5486817359924316
0.10199273377656937,0.16813123226165771,0.004347825888544321,-0.38040292263031006,1.6484628915786743
0.22691495716571808,0.3402732014656067,0.004347825888544321,3.600339889526367,1.4995627403259277
0.3090202212333679,0.4423139989376068,0.004347825888544321,3.256328582763672,1.4313431978225708
0.30215346813201904,0.43022531270980835,0.004347825888544321,3.257047176361084,1.4238635301589966
0.10851448029279709,0.17203521728515625,0.004347825888544321,-0.9470173120498657,1.5853664875030518
0.0,0.0,0.0014492754125967622,1.5707963705062866,
0.21680322289466858,0.33406341075897217,0.004347825888544321,2.768979072570801,1.5408599376678467
0.0,0.0,0.0014492754125967622,1.5707963705062866,
0.2531282603740692,0.37857839465141296,0.004347825888544321,3.059390068054199,1.4955990314483643
0.004526522010564804,0.008493448607623577,0.004347825888544321,2.5744471549987793,1.8763741254806519
0.26268112659454346,0.3849641680717468,0.004347825888544321,4.564049243927002,1.4655189514160156
0.16760846972465515,0.12694066762924194,0.017391303554177284,4.264560699462891,0.7573642730712891
0.13188834488391876,0.1760111004114151,0.008695651777088642,4.013033866882324,1.3345463275909424
0.2443840205669403,0.35659709572792053,0.004347825888544321,4.43486213684082,1.4591670036315918
0.14112316071987152,0.2274324744939804,0.004347825888544321,-0.6015235185623169,1.6115885972976685
0.2659420073032379,0.38363537192344666,0.004347825888544321,4.589836120605469,1.4425526857376099
0.20986078679561615,0.3180099129676819,0.004347825888544321,3.263011932373047,1.5153374671936035
0.17880432307720184,0.27550798654556274,0.004347825888544321,-0.8303645849227905,1.5408351421356201
0.0,0.0,0.0014492754125967622,1.5707963705062866,
0.0,0.0,0.0014492754125967622,1.5707963705062866,
0.0,0.0,0.0014492754125967622,1.5707963705062866,
0.10778984427452087,0.16895362734794617,0.004347825888544321,-1.1155894994735718,1.5674355030059814
0.30426374077796936,0.428378164768219,0.004347825888544321,3.7315988540649414,1.4079172611236572
0.2358337789773941,0.34982743859291077,0.004347825888544321,3.695044994354248,1.483364462852478
0.3175724148750305,0.4468715190887451,0.004347825888544321,-1.3366202116012573,1.4071483612060547
0.0,0.0,0.0014492754125967622,1.5707963705062866,
0.20903480052947998,0.3183906376361847,0.004347825888544321,3.1558642387390137,1.5231465101242065
0.03540189936757088,0.054300423711538315,0.008695651777088642,2.950124979019165,1.5338280200958252
0.3866773843765259,0.44809937477111816,0.008695651777088642,3.6581506729125977,1.1588455438613892
0.0,0.0,0.0014492754125967622,1.5707963705062866,
0.0,0.0,0.0014492754125967622,1.5707963705062866,
0.2068840116262436,0.308801531791687,0.004347825888544321,-1.5662912130355835,1.492631196975708
0.30391719937324524,0.21330183744430542,0.017391303554177284,1.7981210947036743,0.7018419504165649
0.23942327499389648,0.31300750374794006,0.008695651777088642,4.418503761291504,1.3073395490646362
0.1872342824935913,0.29255980253219604,0.004347825888544321,2.750913143157959,1.5625332593917847
0.1241333857178688,0.10244278609752655,0.017391303554177284,2.833524703979492,0.8252637982368469
0.09700039029121399,0.15691694617271423,0.004347825888544321,2.8453354835510254,1.6176940202713013
0.09764327853918076,0.1579701453447342,0.004347825888544321,3.630985736846924,1.6178292036056519
0.11361600458621979,0.08535297214984894,0.017391303554177284,0.788529634475708,0.7512407302856445
0.1066242903470993,0.031293004751205444,0.03333333507180214,1.7785325050354004,0.2934885025024414
0.10615939646959305,0.16880406439304352,0.004347825888544321,-0.7142058610916138,1.5901000499725342
0.24438384175300598,0.35911935567855835,0.004347825888544321,4.097830295562744,1.4694889783859253
0.18224632740020752,0.2795810103416443,0.004347825888544321,4.152906894683838,1.5340831279754639
0.05904725566506386,0.09917663037776947,0.004347825888544321,2.994495153427124,1.679614543914795
0.10199275612831116,0.16184234619140625,0.004347825888544321,-1.2099770307540894,1.586802363395691
0.01721014268696308,0.03099724091589451,0.004347825888544321,-1.064047932624817,1.801103115081787
0.12240516394376755,0.19732560217380524,0.004347825888544321,2.885342597961426,1.6120692491531372
0.1916666477918625,0.2927040755748749,0.004347825888544321,-1.5613306760787964,1.5271518230438232
0.2505434453487396,0.366274356842041,0.004347825888544321,4.313553333282471,1.4619195461273193
0.36503803730010986,0.4336813688278198,0.008695651777088642,3.859544277191162,1.1880443096160889
0.22552397847175598,0.3344018757343292,0.004347825888544321,3.6929831504821777,1.48277747631073
0.0,0.0,0.0014492754125967622,1.5707963705062866,
0.0,0.0,0.0014492754125967622,1.5707963705062866,
0.0,0.0,0.0014492754125967622,1.5707963705062866,
0.0,0.0,0.0014492754125967622,1.5707963705062866,
0.12336954474449158,0.19039034843444824,0.004347825888544321,-1.1333261728286743,1.5432524681091309
0.08748974651098251,0.14438554644584656,0.004347825888544321,3.1336488723754883,1.6503139734268188
0.31493818759918213,0.44577133655548096,0.004347825888544321,3.2972402572631836,1.4154248237609863
0.0,0.0,0.0014492754125967622,1.5707963705062866,
0.3359483480453491,0.4787643253803253,0.004347825888544321,2.9186506271362305,1.4251128435134888
0.16249997913837433,0.2503123879432678,0.004347825888544321,-1.2030619382858276,1.5403841733932495
0.0,0.0,0.0014492754125967622,1.5707963705062866,
0.0,0.0,0.0014492754125967622,1.5707963705062866,
0.0675077885389328,0.11307402700185776,0.004347825888544321,2.8212618827819824,1.6749775409698486
0.2124999612569809,0.32121512293815613,0.004347825888544321,-1.0123733282089233,1.5116008520126343
0.0,0.0,0.0014492754125967622,1.5707963705062866,
0.15994900465011597,0.24942646920681,0.004347825888544321,2.8788294792175293,1.5594124794006348
0.14866499602794647,0.11512771993875504,0.017391303554177284,4.215971946716309,0.7744104266166687
0.19909417629241943,0.29882436990737915,0.004347825888544321,4.704432487487793,1.5009196996688843
0.05350019037723541,0.04296433925628662,0.017391303554177284,0.800908625125885,0.8030688762664795
0.21358691155910492,0.3276694118976593,0.004347825888544321,-0.6168678998947144,1.534126877784729
0.0,0.0,0.0014492754125967622,1.5707963705062866,
0.1041666567325592,0.16563057899475098,0.004347825888544321,-1.2800029516220093,1.590053677558899
0.0,0.0,0.0014492754125967622,1.5707963705062866,
0.0,0.0,0.0014492754125967622,1.5707963705062866,
0.0,0.0,0.0014492754125967622,1.5707963705062866,
0.0,0.0,0.0014492754125967622,1.5707963705062866,
0.06539853662252426,0.1094086542725563,0.004347825888544321,-0.848312258720398,1.672952651977539
0.15252861380577087,0.23440498113632202,0.004347825888544321,3.7088584899902344,1.5367934703826904
0.20846955478191376,0.27202481031417847,0.008695651777088642,4.500241279602051,1.304865837097168
0.3878004848957062,0.4563151001930237,0.008695651777088642,3.4522039890289307,1.1766749620437622
0.3260869085788727,0.4555615484714508,0.004347825888544321,4.624272346496582,1.3970556259155273
0.16177533566951752,0.24953587353229523,0.004347825888544321,-1.4128109216690063,1.5424840450286865
0.393645703792572,0.454243928194046,0.008695651777088642,3.6588306427001953,1.153941035270691
0.1827898472547531,0.2786673605442047,0.004347825888544321,4.318296432495117,1.524523138999939
0.15670287609100342,0.24520590901374817,0.004347825888544321,-0.8447726964950562,1.5647825002670288
0.19908243417739868,0.3017648756504059,0.004347825888544321,3.017685890197754,1.5157785415649414
0.18261317908763885,0.2894788980484009,0.004347825888544321,2.5621469020843506,1.585202693939209
0.2852161228656769,0.363626629114151,0.008695651777088642,3.3123302459716797,1.2749160528182983
0.0,0.0,0.0014492754125967622,1.5707963705062866,
0.0,0.0,0.0014492754125967622,1.5707963705062866,
0.21956516802310944,0.33001503348350525,0.004347825888544321,-0.9354501962661743,1.5030391216278076
0.0467146597802639,0.0810723826289177,0.004347825888544321,2.597393035888672,1.735480546951294
0.2652173340320587,0.3868424594402313,0.004347825888544321,-1.0144516229629517,1.4585866928100586
0.0,0.0,0.0014492754125967622,1.5707963705062866,
0.13346725702285767,0.21492615342140198,0.004347825888544321,2.4912734031677246,1.6103286743164062
0.0,0.0,0.0014492754125967622,1.5707963705062866,
0.23605068027973175,0.3460386395454407,0.004347825888544321,-1.404462218284607,1.465950608253479
0.11612316966056824,0.18745243549346924,0.004347825888544321,-0.5952562093734741,1.6142551898956299
0.25652173161506653,0.37723442912101746,0.004347825888544321,-1.2852174043655396,1.470574975013733
